id,Nov21_mean
1779,0.137182248248295
1867,0.16913555802505
1868,0.152675832106062
1955,0.177415363828604
1956,0.173233059054542
1957,0.151392422204197
1958,0.112590575171082
2040,0.138613155133757
2042,0.156664886042353
2043,0.148564650371612
2044,0.164522441704411
2045,0.163943352193133
2046,0.129026196004192
2131,0.160592763246637
2132,0.166535610902654
2213,0.142983640974807
2217,0.240073535753333
2218,0.210994024845687
2219,0.185606696345405
2220,0.169408651208689
2301,0.169668532323
2302,0.20762633963311
2303,0.206088652634177
2304,0.200100710033899
2305,0.209376722266359
2306,0.203928079825541
2307,0.187174909523589
2308,0.186744310608334
2309,0.159072753165133
2389,0.18051197659994
2390,0.215397953094283
2391,0.20695889359417
2392,0.204703350253256
2393,0.194093937008095
2394,0.200048960283522
2395,0.192636352960064
2396,0.190863228133641
2477,0.177842101159175
2478,0.196964946044378
2479,0.211769648296528
2480,0.209360767200059
2481,0.200602051855858
2482,0.197518819558226
2483,0.189067077495364
2484,0.202038481492888
2566,0.176732821721333
2567,0.207907629225094
2569,0.187001176620189
2570,0.191397163766646
2571,0.193742551712323
2656,0.196995478579885
2657,0.181433061122402
2658,0.182628644830432
2744,0.16932155948736
2745,0.158599485019761
10060,0.131185285355811
10061,0.134327790553658
10062,0.13912658393383
10063,0.144751141753357
10064,0.153863985676411
10065,0.158011240088593
10066,0.158670893152476
10067,0.147565641032516
10146,0.139568792786016
10147,0.130910997246344
10148,0.130273243612494
10149,0.13101700133036
10150,0.133075026995387
10151,0.139286552198791
10152,0.147580748993503
10153,0.150701098421142
10154,0.148977012148959
10155,0.138147231299153
10232,0.140985993763148
10233,0.129381855295067
10234,0.133753086532293
10235,0.129480835846106
10236,0.123027841328632
10237,0.124352806788895
10238,0.126512580709495
10239,0.125892925113158
10240,0.138020813317874
10241,0.145640443966323
10242,0.147259900638647
10243,0.144132139124418
10244,0.122623554331512
10320,0.138369118226534
10321,0.122126410938492
10322,0.135422828060783
10323,0.12436851421776
10324,0.115506144594555
10325,0.111174330961975
10326,0.116427726320122
10327,0.124590510863207
10328,0.139081723403093
10329,0.144446112615757
10330,0.136876923264015
10331,0.137142133577023
10332,0.128046434187938
10407,0.125726137514138
10408,0.143769841071618
10409,0.127611932521763
10410,0.140905091677569
10411,0.12030664027444
10412,0.11378190326235
10413,0.111585293719468
10414,0.11046175352367
10415,0.123328846271919
10416,0.13675593310767
10417,0.145222906207989
10418,0.133393251819337
10419,0.13038485680422
10420,0.116080684387241
10494,0.096124123832951
10495,0.113339526681824
10496,0.143788886279607
10497,0.143899645194534
10498,0.137983425281757
10499,0.117769421000961
10500,0.111917379212158
10501,0.113540359811226
10502,0.116005708163312
10503,0.124176748229463
10504,0.138999098804125
10505,0.129368192216089
10506,0.143797599147313
10507,0.135703007205705
10508,0.105843885286042
10509,0.089894571026002
10580,0.081839112106009
10581,0.110265334073686
10582,0.111830845616664
10583,0.144153475662824
10584,0.157344651345915
10585,0.146689634578737
10586,0.133768205807025
10587,0.121523083594323
10588,0.113910023476413
10589,0.114082856420354
10590,0.112445031642443
10591,0.123813711402547
10592,0.135126031375685
10593,0.138131550708307
10594,0.145582999336922
10595,0.133568655876185
10596,0.098488003722293
10669,0.107906504611154
10670,0.128780300228679
10671,0.16234603220884
10672,0.162344228938099
10673,0.144660936222096
10674,0.130734252812695
10675,0.127850210890468
10676,0.122845691774995
10677,0.121036598074042
10678,0.115737918872109
10679,0.121573810506126
10680,0.128569553829422
10681,0.139485014710298
10682,0.143026535955107
10683,0.123621796280885
10684,0.103181819408393
10756,0.070515040985563
10757,0.128837784313528
10758,0.136702798245367
10759,0.165954822578685
10760,0.156121205045911
10761,0.147034447455455
10762,0.131052553007179
10763,0.125316701667464
10764,0.124369927504954
10765,0.120509086376872
10766,0.118688367768999
10767,0.120086685367841
10768,0.126706341450865
10769,0.136528454874912
10770,0.141283623859463
10771,0.127859860720221
10772,0.1100548651562
10773,0.082475472380184
10842,0.064141016931699
10843,0.075568866028852
10844,0.093918719729178
10845,0.131290231007806
10846,0.148348441994018
10847,0.163269841653321
10848,0.15155281265043
10849,0.14788857912106
10850,0.134981074993891
10851,0.125178059850168
10852,0.12147574828676
10853,0.120042193850333
10854,0.120570475020069
10855,0.119480084598418
10856,0.124878826466474
10857,0.132872806908178
10858,0.138186488815918
10859,0.128110946256144
10860,0.110351983457804
10861,0.090678840167513
10862,0.078722327005251
10930,0.076578964070664
10931,0.088126143711726
10932,0.113466209367565
10933,0.125290375350139
10934,0.159075430436097
10935,0.158716557156611
10936,0.147893122533565
10937,0.152644534886119
10938,0.140488561817073
10939,0.129980896914726
10940,0.12266252955547
10941,0.121580786693826
10942,0.122812241139148
10943,0.122198677693964
10944,0.12512946728131
10945,0.129752918783384
10946,0.130826699514019
10947,0.119323059283344
10948,0.114027848886878
10949,0.107231534295991
10950,0.083004915069204
11018,0.081617808716048
11019,0.116449147006386
11020,0.127716554990731
11021,0.144573101743071
11022,0.158713010008916
11023,0.153904933644378
11024,0.152923728377858
11025,0.15320454593286
11026,0.142760136988291
11027,0.132705423995676
11028,0.123430880217636
11029,0.118627436274339
11030,0.124072186017701
11031,0.123479063331845
11032,0.124493255934193
11033,0.128022501306716
11034,0.129538579008325
11035,0.120995854820348
11036,0.120498765044468
11037,0.105465022446819
11038,0.083258800738649
11040,0.082717651547479
11106,0.097540123495928
11107,0.139301141981669
11108,0.144687912018954
11109,0.153775249661739
11110,0.150620014737707
11111,0.147716763992555
11112,0.152098689351446
11113,0.144807523901551
11114,0.134534680800251
11115,0.128847046803109
11116,0.12116967406401
11117,0.12024939509709
11118,0.124413989438129
11119,0.127958232735692
11120,0.127155974137882
11121,0.128648991534902
11122,0.127865019567281
11123,0.121933431541624
11124,0.115413216227465
11125,0.098770068465801
11126,0.078887554688063
11127,0.083290446334141
11193,0.081716881726276
11194,0.143390569974445
11195,0.141360007874344
11196,0.137591223070814
11197,0.143639167940075
11198,0.136478890549422
11199,0.138136665325744
11200,0.140389364736139
11201,0.131843259912138
11202,0.12941242846822
11203,0.127552931782285
11204,0.12002875134041
11205,0.124061420144252
11206,0.126445897031298
11207,0.131101742092329
11208,0.127867876298048
11209,0.128914785748425
11210,0.128389144323678
11211,0.119955533884527
11212,0.101740450036427
11213,0.099362734335759
11214,0.083897092906029
11215,0.076351205595146
11281,0.096699082936812
11282,0.153468845920129
11283,0.127778494755239
11284,0.126829156320792
11285,0.141015253342659
11286,0.134153577340804
11287,0.138025934225219
11288,0.136497267356268
11289,0.128203740836721
11290,0.126960255441223
11291,0.127330930801443
11292,0.122916490163492
11293,0.12186119571446
11294,0.125626359900585
11295,0.128807608129735
11296,0.127761327481199
11297,0.131355247684854
11298,0.132810835182554
11299,0.13644985292151
11300,0.128039566895707
11301,0.115923424174074
11302,0.091550379681677
11303,0.076539727008861
11368,0.085432920257508
11369,0.106604212048379
11370,0.143717678510084
11371,0.115420505301401
11372,0.13876159219764
11373,0.137609116394411
11374,0.132150939611857
11375,0.134603146242766
11376,0.130876577821029
11377,0.123293269487206
11378,0.126835612149155
11379,0.127726178469041
11380,0.123837261622356
11381,0.123649276623672
11382,0.125468991419747
11383,0.128265556713691
11384,0.130730709261145
11385,0.133669308825465
11386,0.136530381800393
11387,0.140619522068372
11388,0.140159032253687
11389,0.123349996483769
11390,0.100959317147614
11391,0.080292373202926
11456,0.083858297861005
11457,0.116784113390017
11458,0.148921456618989
11459,0.134534836345511
11460,0.137527026020545
11461,0.13543219596517
11462,0.132450262623385
11463,0.141431630688458
11464,0.138973811656729
11465,0.126781390933705
11466,0.133410087147774
11467,0.133859644205909
11468,0.129304021535334
11469,0.128802555220679
11470,0.12863310428013
11471,0.13290066640132
11472,0.136508232860033
11473,0.134327067908916
11474,0.140292115538959
11475,0.14365670959319
11476,0.140286271852895
11477,0.123351879448684
11478,0.099757390428084
11479,0.087679874105764
11543,0.079187660049576
11544,0.085248078988946
11545,0.120235212839286
11546,0.130542078390423
11547,0.140197972381498
11548,0.138310931181248
11549,0.13663250013538
11550,0.141624922808922
11551,0.151973846081525
11552,0.142551812376429
11553,0.130971189279095
11554,0.134351981928933
11555,0.138358261584109
11556,0.138022115608685
11557,0.13556358386052
11558,0.131362660423569
11559,0.137092085664349
11560,0.140718895897799
11561,0.142095458955162
11562,0.142963775614935
11563,0.14543228620008
11564,0.145265064426797
11565,0.131271051721493
11566,0.106409440278331
11567,0.090769771884081
11632,0.096432046648189
11633,0.118307204147385
11634,0.143506173383106
11635,0.140842744071964
11636,0.140849614808382
11637,0.13764900030676
11638,0.149528864832703
11639,0.155522854637958
11640,0.140681544672852
11641,0.141565326324179
11642,0.13379021028965
11643,0.12671636684021
11644,0.135839560985073
11645,0.138679514739139
11646,0.135868042830593
11647,0.139536521445386
11648,0.132855644203291
11649,0.13356336657235
11650,0.137527307473388
11651,0.146615725995834
11652,0.140214955264872
11653,0.126252813587997
11654,0.110217490273973
11719,0.079888835091007
11720,0.102893030293021
11721,0.114445833966505
11722,0.148563196343824
11723,0.14084433440281
11724,0.135754641699643
11725,0.132216217966119
11726,0.135487927785836
11727,0.144131120986382
11728,0.150533381787952
11729,0.133388402787122
11730,0.12300309026229
11731,0.128623228755746
11732,0.148849931845734
11733,0.145573198395081
11734,0.131379265215032
11735,0.128492085461913
11736,0.122514413161711
11737,0.131066251777051
11738,0.137954219586764
11739,0.140641763175199
11740,0.125199527610555
11741,0.116337450190393
11742,0.10500931825209
11743,0.074169885998299
11808,0.113403042388174
11809,0.125177827024879
11810,0.148910792898541
11811,0.133681577449966
11812,0.133483864459371
11813,0.131113191774069
11814,0.133741024358213
11815,0.137910395212795
11816,0.14940419109646
11817,0.13482324682053
11818,0.119646206374996
11819,0.129716351216018
11820,0.147674798195766
11821,0.151412694815023
11822,0.131533731329293
11823,0.119553462996078
11824,0.122865222178954
11825,0.131267537031908
11826,0.137459867792167
11827,0.128182075809964
11828,0.126914092516604
11829,0.119596379570478
11830,0.098407141893749
11831,0.076390457270313
11832,0.07774262869161
11833,0.080486433042066
11896,0.100500774617344
11897,0.124696905419172
11898,0.136805008610953
11899,0.129804334605011
11900,0.133344870664385
11901,0.135912061356038
11902,0.134132873635047
11903,0.135792893475531
11904,0.136611595322845
11905,0.108292840111986
11906,0.110680071497152
11907,0.100496528124426
11908,0.142307844307465
11909,0.140162182684708
11910,0.12595023893615
11911,0.123447893402189
11912,0.12251142580283
11913,0.126239885572388
11914,0.138058135352874
11915,0.138243444322833
11916,0.130107030198861
11917,0.125171399649542
11918,0.09929826214825
11919,0.082586954012808
11984,0.078530363635466
11985,0.11960815829264
11986,0.137435429737218
11987,0.135391640510013
11988,0.137537185441364
11989,0.137402066760812
11990,0.137129067266283
11991,0.139430061836723
11992,0.124343422233812
11993,0.090630522767497
11994,0.124310983391094
11995,0.119873914970711
11996,0.126456555810349
11997,0.112202445429958
11998,0.114754650664847
11999,0.124238627613062
12000,0.123853144520694
12001,0.12397537933093
12002,0.140495073919004
12003,0.148868974021151
12004,0.12631284616395
12005,0.124276683812053
12006,0.098527468564246
12007,0.085094884684509
12073,0.125340822868603
12074,0.132356712902504
12075,0.137175514204464
12076,0.137941843345146
12077,0.138764896268441
12078,0.138435070610736
12079,0.143713335245259
12080,0.128351621914747
12081,0.097426500971899
12082,0.119641184976155
12083,0.122362211022688
12084,0.112213319552339
12085,0.116427793067472
12086,0.116297875323202
12087,0.127317636174411
12088,0.128145341430444
12089,0.121489672405907
12090,0.135567333829026
12091,0.150623882481875
12092,0.126907245309885
12093,0.131534793052422
12094,0.107077328775358
12160,0.087529348673321
12161,0.121052973249481
12162,0.130081072849922
12163,0.142297580455367
12164,0.141292120460883
12165,0.139035192002689
12166,0.144632593259092
12167,0.148936163148154
12168,0.13652707049854
12169,0.130281730424151
12170,0.108092415231195
12171,0.107762383304448
12172,0.103840558966699
12173,0.107247444731761
12174,0.121243271807378
12175,0.125714708605538
12176,0.108694655397399
12177,0.099678544951064
12178,0.111134858058375
12179,0.143419283665409
12180,0.133851011522299
12181,0.142380197740291
12182,0.112635527159503
12183,0.077725094042657
12249,0.115075258854703
12250,0.140266246121863
12252,0.144933690313294
12253,0.142950912031967
12254,0.16273246319751
12255,0.155921949415216
12256,0.138174134899269
12257,0.137089549493884
12258,0.119003649727394
12259,0.102584770840147
12260,0.097264490314859
12261,0.105521047907502
12262,0.109437487945844
12263,0.108870988968753
12264,0.10259154480201
12265,0.098705613153725
12266,0.106780209337381
12267,0.126509816043462
12268,0.13586537470754
12269,0.132983702886482
12270,0.112646128397808
12271,0.092639353582746
12272,0.070109842102165
12337,0.131643825797673
12338,0.136585723619657
12339,0.130322197989631
12340,0.150293646672787
12341,0.153364714358217
12342,0.165762480379136
12343,0.150096308808082
12344,0.134699842253746
12345,0.136020108256951
12346,0.112757558865119
12347,0.0908119265476
12348,0.112864292957935
12349,0.11078395566726
12350,0.104441719791613
12351,0.102983180639654
12352,0.107378125914242
12353,0.102900522014449
12354,0.103619477833095
12355,0.116259864339035
12356,0.13107151850627
12357,0.121080576111216
12358,0.105128235408204
12359,0.083290290195218
12360,0.072733562732162
12427,0.130651415014031
12428,0.144212294708599
12429,0.154751362787052
12430,0.156357634935744
12431,0.13987584049876
12432,0.132433831445442
12433,0.126418322740384
12434,0.118500517989116
12435,0.096629957731062
12436,0.094513187138749
12437,0.119488034104882
12438,0.104427701970639
12439,0.099853942649284
12440,0.097892510989481
12441,0.096660178354826
12442,0.099872166239344
12443,0.114845608261006
12444,0.125929431620339
12445,0.126521223093853
12446,0.107368156917599
12447,0.084896911551391
12448,0.081461931263243
12475,0.226935586581628
12476,0.232611452921843
12477,0.232083983648391
12478,0.230332437157631
12515,0.134518511885859
12516,0.139151143695205
12517,0.14912011261937
12518,0.148418239417894
12519,0.134006351998201
12520,0.131751300443795
12521,0.126758127619535
12522,0.113983949523204
12523,0.099527470090173
12524,0.093254755551288
12525,0.103726074253478
12526,0.105596762981789
12527,0.105842163587512
12528,0.100289622290937
12529,0.100181883862935
12530,0.104196036639421
12531,0.11124428831164
12532,0.125768903627499
12533,0.126865594855641
12534,0.101487880211927
12535,0.085810285908255
12536,0.086802115910186
12561,0.156976892977305
12562,0.160894007939431
12563,0.204382257774013
12564,0.178042341731797
12565,0.146421680852712
12566,0.184036426152801
12567,0.209382170467701
12604,0.13175803723307
12605,0.131111203725984
12606,0.138744592872769
12607,0.138745849800696
12608,0.124782901640113
12609,0.122983705517449
12610,0.109463502678711
12611,0.093604734973781
12612,0.093255579515762
12613,0.10753329059941
12614,0.11048620903916
12615,0.11428573372684
12616,0.109395651109958
12617,0.102875229147937
12618,0.101897827534459
12619,0.107215198309054
12620,0.127136677297443
12621,0.131970758744968
12624,0.081316621201076
12655,0.181392822946821
12656,0.195733410250294
12657,0.210715040564537
12691,0.144107437685882
12692,0.129820606663577
12693,0.126868250017816
12694,0.12958614605148
12695,0.130742794189882
12696,0.118127016766259
12697,0.116093314660728
12698,0.107181587787576
12699,0.101853997855201
12700,0.106479953528066
12701,0.118824215328767
12702,0.123665441458752
12703,0.125278538512618
12704,0.129252531019247
12705,0.108256327557909
12706,0.098279370267401
12707,0.110649832562844
12708,0.13418138750698
12709,0.126405206085606
12711,0.106343538062666
12712,0.085743197540114
12744,0.167361714313977
12745,0.164432665651553
12746,0.181976457129825
12747,0.210415640147403
12748,0.215836649791139
12749,0.226486351991457
12750,0.252226771786809
12780,0.136632093186699
12781,0.129966835345118
12782,0.12346189730793
12783,0.126062783342694
12784,0.11811278190864
12785,0.107282611379816
12786,0.116416928920248
12787,0.114240180524324
12788,0.117044654236106
12789,0.131241314020778
12790,0.134615531606861
12791,0.144730016633338
12792,0.139318866362749
12793,0.109028802907541
12794,0.107780495121074
12795,0.122920770244288
12796,0.138922499939184
12797,0.13090882744363
12798,0.119270549593825
12799,0.091824227205116
12830,0.150510477379334
12831,0.153360150969964
12834,0.163088132804337
12835,0.1793338023434
12836,0.180919170791924
12837,0.19171311613942
12838,0.211499006489513
12839,0.236900591560071
12840,0.231396200756232
12869,0.140811936914428
12870,0.128510204290063
12871,0.11830359002347
12872,0.127789883820479
12873,0.120274632353305
12874,0.113547946595825
12875,0.105385291791363
12876,0.105647176519529
12877,0.101209310583832
12878,0.101375379176302
12879,0.141052726118755
12880,0.133513744689586
12881,0.111834619963957
12882,0.121172804886056
12883,0.131137341738117
12884,0.14325578178256
12885,0.141434437233554
12886,0.118420804721918
12887,0.089346494217796
12918,0.128405898209076
12919,0.126491450111974
12927,0.18530455822787
12928,0.199043998786484
12929,0.224024173021317
12957,0.139646971742718
12958,0.123182913133867
12959,0.114208763496975
12960,0.129569257966615
12961,0.117788943465755
12962,0.107919195954036
12963,0.110712327147589
12964,0.107454116371545
12965,0.093059956143967
12966,0.076717769484157
12967,0.104646439581321
12968,0.129376884917968
12969,0.134789470421231
12970,0.137535089637472
12971,0.140091102437775
12972,0.147321118844356
12973,0.137546264916187
12974,0.102012091131427
12975,0.088374104056316
13016,0.149922284855734
13017,0.16973234006065
13018,0.172488601108392
13019,0.17892252933234
13045,0.14007985109955
13046,0.131115364280245
13047,0.117315533177066
13048,0.11645593224786
13049,0.099631748770264
13050,0.103372563861988
13051,0.112314688667596
13052,0.110400399393287
13053,0.095605825235652
13054,0.07886526918362
13055,0.080151906325353
13056,0.120850513773886
13057,0.153013450085871
13058,0.149053697647313
13059,0.149604666331583
13060,0.143616913733157
13061,0.124249090540631
13062,0.090267299324745
13063,0.082919096589581
13064,0.081950959895761
13107,0.166886365883154
13133,0.141226120177328
13134,0.125239535104022
13135,0.118815308753327
13136,0.112226613974276
13137,0.104769604757798
13138,0.104270819543807
13139,0.113552403558973
13140,0.117598272105756
13141,0.090974313691874
13142,0.086094719011429
13143,0.093534441834146
13144,0.116036335837619
13145,0.149628587128702
13146,0.152873094962991
13147,0.141661403469803
13148,0.131333325812516
13149,0.108889557806051
13150,0.087427589526996
13194,0.206335200935848
13196,0.122951114380902
13219,0.123396039978275
13220,0.154881658099766
13221,0.153938203122482
13222,0.134058375736117
13223,0.126524859937242
13224,0.114857484185295
13225,0.109090358107222
13226,0.102284864297969
13227,0.103544189554194
13228,0.096485071723522
13229,0.08835098390346
13230,0.093154235628872
13231,0.100945403662093
13232,0.119253088421972
13233,0.131519976370184
13234,0.135253015659144
13235,0.123174759886953
13236,0.114330601521396
13237,0.103667954299525
13238,0.088955401979908
13239,0.084400781485521
13240,0.085141705194481
13277,0.122351923434748
13278,0.137553362242082
13279,0.153316713604531
13281,0.197145242906606
13307,0.116918013579099
13308,0.134454211466445
13309,0.138289119648047
13310,0.134107743813233
13311,0.124666687955145
13312,0.112523682723361
13313,0.10443739556084
13314,0.09696873646876
13315,0.091542544071618
13316,0.09675834249428
13317,0.097587715403354
13318,0.09918137869128
13319,0.106191393680017
13320,0.11495328334368
13321,0.114846158664951
13322,0.122488682669967
13323,0.124671662949826
13324,0.12288756142101
13325,0.095883617747175
13326,0.080772309950571
13327,0.07580490582738
13328,0.081518764261249
13367,0.133937965124107
13395,0.131692757797181
13396,0.131346976815546
13397,0.131668398480031
13398,0.128259523794794
13399,0.117103301062297
13400,0.105944543353413
13401,0.099640792959239
13402,0.093747411369662
13403,0.088356181714139
13404,0.097327313793839
13405,0.099015314285913
13406,0.101715271214931
13407,0.103069806979461
13408,0.106062934125874
13409,0.113583452799473
13410,0.125220813740619
13411,0.142676293834551
13412,0.129259065209218
13413,0.092352417120633
13414,0.077820739049921
13415,0.070892311540271
13416,0.083252897424516
13455,0.119214493150184
13483,0.148969890433364
13484,0.138203790580684
13485,0.12918460184385
13486,0.123055547306483
13487,0.116493867820666
13488,0.108017155854416
13489,0.10449636111821
13490,0.101784260928138
13491,0.09921825151493
13492,0.096371095288884
13493,0.097992318305225
13494,0.09702070736257
13495,0.100118363489629
13496,0.103986954916854
13497,0.104729977059217
13498,0.11172647014437
13499,0.110010251356674
13500,0.122615309555299
13501,0.108229393939957
13502,0.081960787547553
13503,0.076299741448573
13504,0.086420662993611
13544,0.123688089193798
13545,0.138262151286375
13572,0.141726479396101
13573,0.132528538083135
13574,0.12118980566798
13576,0.111584012599095
13577,0.104889022635495
13578,0.099674068420772
13579,0.096999465898102
13580,0.09479638490929
13581,0.087822286434207
13582,0.087421819405711
13583,0.096955648920937
13584,0.092835466601985
13585,0.089693444387126
13586,0.09189681838388
13587,0.100711952202876
13588,0.114597686179895
13589,0.105949771940237
13590,0.073271946041424
13591,0.086757211390102
13630,0.102116773604404
13631,0.10766991414866
13632,0.102673018784289
13660,0.139495267843207
13661,0.132651243174125
13662,0.125913521105593
13663,0.119798697796264
13664,0.110131530599161
13665,0.097532140244999
13666,0.098392644820135
13667,0.093523005340175
13668,0.097328744135982
13669,0.092581034630291
13670,0.085176376087114
13671,0.09351312582613
13672,0.092441907121746
13673,0.09114974375414
13674,0.095626550641927
13675,0.107850858495255
13676,0.1105480304619
13677,0.095503629316106
13678,0.089372850866186
13679,0.10625616344046
13680,0.08861285675902
13717,0.084738174915191
13718,0.09754251742597
13719,0.10445484572883
13720,0.106707770112357
13721,0.125370343007948
13748,0.141997554074458
13749,0.129093662827961
13750,0.11624472429745
13751,0.117639549459393
13752,0.111987763430831
13753,0.107053653591058
13754,0.103003467410064
13755,0.103805220836825
13756,0.10722366782013
13757,0.092293887945616
13758,0.091082935398521
13759,0.095093529995369
13760,0.100954764345584
13761,0.105097712841162
13762,0.09949664323933
13763,0.103835086992457
13764,0.099669020823088
13765,0.115248711671957
13766,0.125847977184849
13767,0.101353943286356
13768,0.085946801911331
13769,0.097563121298497
13806,0.102205722107868
13807,0.102223543850474
13808,0.105114914432698
13809,0.115184972678457
13810,0.126548989344973
13837,0.11785088856666
13838,0.109734818601042
13839,0.11864816010175
13840,0.109225496649742
13841,0.111178649035244
13842,0.117666865922203
13843,0.121681930946385
13844,0.118153574468553
13845,0.106282125450363
13846,0.100427084933381
13847,0.098632614794574
13848,0.104170634788423
13849,0.11162121359967
13850,0.104853761525965
13851,0.110715828050882
13852,0.135323588343814
13853,0.155468609861352
13854,0.133367187303046
13855,0.105384181138159
13856,0.094063152320498
13895,0.111118656375315
13896,0.105898107670748
13925,0.11831262997622
13926,0.124604836341892
13927,0.126801682583326
13928,0.116620800373229
13929,0.109034542863077
13930,0.108639787970913
13931,0.125506368048475
13932,0.120587951153988
13933,0.11254141260336
13934,0.109496523489947
13935,0.114938245054567
13936,0.112539437816666
13937,0.115972098066166
13938,0.117065032229306
13939,0.126963272941089
13940,0.145215879904894
13941,0.152397274764866
13942,0.125256686557669
13943,0.105110406463325
13944,0.095075746843584
13982,0.108120910514131
13983,0.122865241712968
13984,0.11098182783066
14013,0.120449347509427
14014,0.133646771419516
14015,0.133828592409376
14016,0.131504461261605
14018,0.102529691932492
14019,0.125553731714548
14020,0.121211444173963
14021,0.11528276542802
14022,0.115282660057722
14023,0.12482861344051
14024,0.122495428389631
14025,0.12164847538922
14026,0.127070628842817
14027,0.134018864698154
14028,0.154312976905383
14029,0.147380502848339
14030,0.128837646496861
14031,0.106694050518072
14069,0.077472098225589
14070,0.110462767787832
14071,0.115593516121595
14072,0.098154761633383
14101,0.110480931364308
14102,0.119908777865508
14105,0.132038081834508
14106,0.108416852872234
14107,0.110698367899703
14108,0.11811353789962
14109,0.111816298940088
14110,0.122622143400233
14111,0.125192463928061
14112,0.12509392699119
14113,0.126977955106615
14114,0.137227300598687
14115,0.144783149665791
14116,0.157836338366605
14117,0.142444253860673
14118,0.130522681864001
14119,0.097583539737773
14120,0.099972963979668
14158,0.088714622892439
14190,0.109672409012791
14193,0.126850914856619
14194,0.135867842080549
14195,0.127741431118
14196,0.120316086042052
14197,0.117644420467349
14198,0.109898513880037
14199,0.118814823964957
14200,0.121897244795172
14201,0.126999161706483
14202,0.145499605994686
14203,0.165996131695007
14204,0.175438387057752
14205,0.156517408942142
14206,0.133603333558136
14207,0.106089684758181
14208,0.107071534214803
14278,0.096975146378908
14283,0.122978516641321
14284,0.122767942678183
14285,0.118937425270943
14286,0.123210191167155
14287,0.127027832070235
14288,0.124408616305222
14289,0.132765469019828
14290,0.152295702543736
14291,0.165708263724925
14292,0.167617088264745
14293,0.148984093852194
14294,0.133940246611101
14295,0.125912957879983
14366,0.099738754129858
14371,0.126903602212903
14372,0.124839072585229
14373,0.125676579927364
14374,0.130599454861165
14375,0.132456793851061
14376,0.131411929560964
14377,0.143450584478122
14378,0.159000283173422
14379,0.163649879642262
14380,0.150917502274075
14381,0.122889627263812
14382,0.124584140292858
14452,0.11322424446161
14453,0.107776988836483
14455,0.098388141670643
14458,0.1106897658481
14459,0.111526789581514
14460,0.114923490088218
14461,0.109093227877843
14462,0.116402627361461
14463,0.126363895877666
14464,0.129179868215988
14465,0.142475024081212
14466,0.15503038733962
14467,0.152348980384548
14468,0.126689937288973
14469,0.118348319991684
14470,0.12032364615103
14471,0.118433999621178
14539,0.100895839641453
14540,0.091198131656556
14541,0.107764620922889
14542,0.116195331091091
14543,0.117995092496421
14544,0.153435087885778
14549,0.097400612864713
14550,0.090732645051988
14551,0.105683448029038
14552,0.116648953231309
14553,0.137950664187373
14554,0.145515763015963
14555,0.137959285260071
14556,0.114258868008734
14557,0.11970171575313
14558,0.121335565804421
14560,0.082907230781001
14623,0.092896606599677
14624,0.109430005751815
14625,0.115756394741826
14626,0.135943120884255
14627,0.166461311000963
14628,0.170523139009298
14629,0.155961058017882
14630,0.138961009157837
14631,0.135572001072965
14632,0.155681973061532
14633,0.187640117617112
14634,0.204394164139574
14638,0.081000343994483
14639,0.085023417185418
14640,0.104463888917211
14641,0.14273414580721
14642,0.145925987614945
14643,0.132256695431126
14644,0.115075579728962
14646,0.09970636431702
14711,0.141181157378495
14712,0.172005145770052
14713,0.152877323637324
14714,0.154033994363729
14715,0.175949883201848
14716,0.176771518366396
14717,0.159994318496344
14718,0.142583871244892
14719,0.151052395846297
14720,0.162282567963866
14721,0.149325249208645
14722,0.168858787179127
14729,0.128585761360307
14730,0.123848809267987
14731,0.104497945982932
14732,0.099112178160509
14733,0.086225252244468
14734,0.067429158004671
14799,0.141854754441287
14800,0.179911197016893
14801,0.144917965735778
14802,0.154883272884306
14803,0.163519876541592
14804,0.175667955578605
14805,0.158837967298248
14806,0.137611316316877
14807,0.14276695799215
14808,0.14602489443111
14809,0.146539361916544
14810,0.157492127577382
14811,0.138232830256224
14812,0.175651228210578
14813,0.20075300442321
14817,0.141687378287315
14818,0.086745696120906
14819,0.069720560222987
14820,0.070071982342965
14887,0.149555066607804
14888,0.178584392501186
14889,0.15863599186476
14890,0.16400687876544
14891,0.166642753241869
14892,0.168830134740224
14893,0.170664365937116
14894,0.150402691112205
14895,0.148557374968646
14896,0.145032532807631
14897,0.160946190740044
14898,0.180474742716951
14899,0.149927772933684
14900,0.159148827416035
14901,0.187434373805437
14902,0.1883976787531
14903,0.19854217642043
14908,0.067919220335804
14975,0.125832713740177
14976,0.162692065118801
14977,0.157951907400996
14978,0.164324284892929
14979,0.159500867570106
14980,0.157707770162624
14981,0.158801836508118
14982,0.155383358594061
14983,0.147844329829744
14984,0.140499915712136
14985,0.165227896295303
14986,0.175623899587422
14987,0.180132564407564
14988,0.19907106754701
14989,0.199814027159914
14990,0.16828480775445
14991,0.147487032525642
14992,0.185275495052338
15062,0.070574069634265
15063,0.107811805830637
15064,0.155491387390572
15065,0.161292162562205
15066,0.167161499050038
15067,0.156229070523982
15068,0.149879449193389
15069,0.155898841236495
15070,0.159550694579428
15071,0.145336343012308
15072,0.145852967973583
15073,0.145017213349746
15074,0.158746277097582
15075,0.182682633046576
15076,0.193357682486704
15077,0.192577839482668
15078,0.184440492629266
15079,0.140126801541318
15080,0.140111281247215
15081,0.170034865579127
15150,0.071304594482149
15151,0.094076251103119
15152,0.145624519925815
15153,0.162306518351883
15154,0.165731153089153
15155,0.152119828336559
15156,0.14208300427095
15157,0.151272368178634
15158,0.157207563765778
15159,0.145037533207373
15160,0.132432000419079
15161,0.137534186798186
15162,0.141991840506142
15163,0.169251205568964
15164,0.179319590853512
15165,0.187585953438331
15166,0.17991887390121
15167,0.156923232548557
15168,0.129999703581422
15169,0.110493303684533
15170,0.158783539299675
15171,0.175443363119298
15172,0.185263898588863
15239,0.069722948242494
15240,0.115169046126264
15241,0.142608198801033
15242,0.145609111272556
15243,0.153026115847292
15244,0.151850811665944
15245,0.150379645494604
15246,0.154131595707929
15247,0.141978415204582
15248,0.132895609724663
15249,0.12672295280007
15250,0.144476415228702
15251,0.159913744587303
15252,0.159845547949373
15253,0.170792597909219
15254,0.163679351360195
15255,0.154944760446738
15256,0.151335979314896
15257,0.140693250057019
15259,0.118634727632575
15260,0.101222682199459
15261,0.126363832004291
15262,0.164225100414959
15325,0.070761224678294
15327,0.061031114394692
15328,0.090603033559242
15329,0.131815752137668
15330,0.123786859476
15331,0.132903935807378
15332,0.151430996011727
15333,0.159295232612486
15334,0.15245846920639
15335,0.141787508112404
15336,0.131906415836131
15337,0.133447264682902
15338,0.140592941229255
15339,0.15440751900786
15340,0.1454201862216
15341,0.15382228502311
15342,0.151704535842681
15343,0.147989474398934
15344,0.161588185058891
15345,0.131478440863165
15346,0.110759546089432
15347,0.09644872950744
15348,0.069096948512761
15349,0.081548218476809
15414,0.09767380165906
15415,0.078144739512816
15416,0.072186373770531
15417,0.10684163511292
15418,0.141496771561705
15419,0.14596602654103
15420,0.160577735440298
15421,0.16522427137233
15422,0.156148082214939
15423,0.144961592119202
15424,0.141220012017764
15425,0.146784257420824
15426,0.138183774626698
15427,0.136740671743164
15428,0.134280658688796
15429,0.127599373213516
15430,0.123850114920661
15431,0.121008474144186
15432,0.135078995834944
15433,0.118300918766782
15434,0.116108882023765
15435,0.106262921209424
15436,0.093475506132977
15437,0.088382157327777
15501,0.059529322353461
15502,0.100834549320015
15503,0.102266266341668
15504,0.0870411499466
15506,0.094153231071416
15507,0.147658711880917
15508,0.153217994631076
15509,0.16391409597983
15510,0.161779394388691
15511,0.148810683885817
15512,0.142206406051462
15513,0.145946280491992
15514,0.136294344855734
15515,0.118541152610374
15516,0.106353914318991
15517,0.10938642106273
15518,0.113289934467555
15519,0.112535327510989
15520,0.125270534553065
15521,0.116928321409447
15522,0.115242430285032
15523,0.120593775109934
15524,0.131696214945602
15525,0.117209732055295
15589,0.054959901862524
15590,0.076023984177723
15591,0.09067050829942
15592,0.11631414940711
15595,0.116959860087117
15596,0.134115761418352
15597,0.164043211624792
15598,0.172520343214273
15599,0.158471308916187
15600,0.147825921153127
15601,0.151562981719792
15602,0.142557371393023
15603,0.123372639481873
15604,0.119662866128881
15605,0.108115215693773
15606,0.104937552110009
15607,0.109893089713131
15608,0.112368384869438
15609,0.112988164361287
15610,0.126023025179743
15611,0.119360398618954
15612,0.10882237373958
15679,0.082985951272725
15680,0.112681316498947
15681,0.096163137038508
15682,0.076360079683056
15683,0.091089200066484
15684,0.126211923970418
15685,0.158308889308283
15686,0.177606152451557
15687,0.165714775544724
15688,0.153878191941314
15689,0.151745490237208
15690,0.141721968870025
15691,0.122954225116096
15692,0.109472879986009
15693,0.100232686231698
15694,0.104031173142889
15695,0.107436805507058
15696,0.109650661522322
15697,0.115937709346537
15698,0.133557605928937
15700,0.112955878696535
15767,0.060285028031727
15768,0.092382467031597
15769,0.096668988743351
15770,0.093130834339079
15772,0.104720226596764
15773,0.145171809706439
15776,0.153934391544146
15777,0.147989584040898
15778,0.138600807236738
15779,0.119699410019303
15780,0.102993718279172
15781,0.100962311260341
15782,0.103547807906038
15783,0.106581177076568
15785,0.12138505943489
15786,0.149600141781121
15787,0.114371820068187
15855,0.058584971817074
15856,0.111592474014392
15857,0.08391550284895
15858,0.100950770480327
15859,0.083618461342138
15861,0.117598903649566
15862,0.176459931113102
15866,0.14013813059085
15867,0.120687635653794
15868,0.104969712543832
15873,0.13206187557152
15874,0.160431808398175
15875,0.113506556819539
15932,0.166068232555223
15934,0.167085293332736
15935,0.153333349904018
15936,0.172353101273378
15944,0.094054841744539
15945,0.099637002209312
15946,0.090440660722465
15947,0.10131715438091
15950,0.117578181913012
15951,0.127029874256659
15952,0.138917121378814
15954,0.134059287501233
15955,0.117063471132128
15956,0.102135209217668
15957,0.102135980877245
15959,0.106236508866114
15960,0.113704738983877
15961,0.137176750941946
15962,0.159581998599049
16018,0.148063210693519
16019,0.149802448551271
16021,0.195843315637503
16023,0.146317719335645
16024,0.156968519710034
16032,0.083548782319714
16033,0.100093521962851
16034,0.079697828031768
16035,0.101209897622466
16036,0.114632950957156
16037,0.089965211827893
16044,0.106789438570497
16045,0.110095637596466
16046,0.112566556319718
16048,0.120832922706796
16049,0.138968991993134
16050,0.148379137879422
16106,0.14582627060369
16107,0.149103330309726
16108,0.161219480156663
16109,0.175708109231771
16110,0.169425133853425
16111,0.148749891412496
16112,0.143225416953385
16116,0.138857167225548
16117,0.1370012357831
16118,0.139212289118561
16119,0.076990827301638
16120,0.092147258356979
16121,0.105298863970174
16122,0.088038997201264
16123,0.101478892971169
16124,0.107047526796987
16125,0.104053279677452
16127,0.082744647664103
16128,0.09197950221093
16129,0.110417818745314
16131,0.121116499580881
16132,0.117903543112815
16133,0.117181305858222
16135,0.124342069824929
16136,0.132207838233468
16137,0.142279046287468
16138,0.144446074489563
16194,0.148186593835533
16195,0.146690687937699
16196,0.14904636862936
16197,0.164674740976731
16198,0.167974601702577
16199,0.155329381642134
16203,0.141259043720523
16204,0.111165174619349
16205,0.133484670752475
16206,0.118721671181587
16207,0.069703857028986
16208,0.096265613307405
16209,0.11957964929001
16210,0.07376455607651
16211,0.066698492439517
16212,0.084689875173828
16213,0.113985466008837
16214,0.100648724575444
16215,0.088229801780447
16216,0.072432413012555
16217,0.099688125945426
16220,0.1309418296331
16221,0.1209016681277
16222,0.122930240975656
16223,0.135341428431536
16224,0.147030173554251
16225,0.151855983959121
16226,0.142732872839948
16282,0.143657081999069
16283,0.142653234179847
16284,0.140778730686003
16285,0.151525005144029
16286,0.155399183842761
16287,0.152976938146205
16291,0.134479183642086
16292,0.119421988416448
16293,0.12154786017808
16295,0.078492887856916
16296,0.100042324925482
16297,0.120042651599227
16298,0.095623799792129
16299,0.074471442131951
16300,0.086787331895518
16301,0.115363273523317
16302,0.12310655913816
16303,0.10018465018614
16304,0.069667498509768
16308,0.148341615738209
16309,0.144024652482803
16312,0.158085267097989
16313,0.161637480778635
16370,0.137003716296894
16371,0.13747307676668
16372,0.136644706365619
16373,0.139317262702244
16374,0.1505599531753
16375,0.151346123169276
16378,0.12828876013475
16379,0.123757434439314
16380,0.144967120317485
16383,0.088786078878671
16384,0.103282798596993
16385,0.102403167635202
16386,0.085485070697532
16387,0.09599127539474
16388,0.084420124022675
16389,0.094442572075227
16390,0.114280262423202
16391,0.10093824622836
16392,0.092851303679788
16394,0.086008269897478
16395,0.0875150533539
16396,0.103291635932632
16397,0.150205644832785
16398,0.156682493765492
16400,0.165057511369059
16459,0.132594857210955
16460,0.134500608643289
16461,0.135664222407932
16462,0.149618494947833
16463,0.146007889496886
16465,0.135007180974764
16466,0.124341279986849
16467,0.126356148538141
16468,0.153482181458134
16469,0.104141714944204
16470,0.063651125647189
16471,0.06862609117669
16472,0.093893012348489
16473,0.086594407377411
16474,0.087834895272885
16475,0.09721113695752
16476,0.105644684361894
16477,0.078983611727426
16478,0.079780410713524
16479,0.103907540440559
16480,0.125215664259658
16481,0.136175262047486
16482,0.154094883350916
16484,0.060236922501433
16485,0.135134554475792
16486,0.167416033358121
16487,0.16461796949928
16547,0.138566786828248
16548,0.131431650025295
16549,0.135983220879504
16550,0.154123405572027
16551,0.136946722787292
16552,0.114109173698777
16553,0.105222816700521
16554,0.124625590449501
16555,0.127975137425741
16556,0.142835127298909
16557,0.129551828908826
16558,0.064908366966919
16559,0.065413246557058
16560,0.085338047172149
16561,0.098897670833725
16562,0.103325048351123
16563,0.121988881949779
16564,0.133265167592542
16565,0.134779763374875
16566,0.139039503977351
16567,0.105943707949948
16568,0.129095610231161
16569,0.113730626526793
16570,0.157166449192526
16573,0.133649088965044
16574,0.164766563728512
16635,0.130693018436432
16636,0.130707889839477
16637,0.137007665762337
16638,0.154591027773538
16639,0.139998559670692
16640,0.113094918488749
16642,0.109220870085492
16643,0.123438644076674
16644,0.130278428434854
16645,0.135073128456542
16646,0.103436378300313
16647,0.064089503670342
16648,0.075663352385163
16649,0.085545088264568
16650,0.086821698899235
16651,0.104365458630997
16652,0.111813819035888
16653,0.130056646706398
16654,0.150855808295617
16655,0.14771770691801
16656,0.123581565331575
16657,0.131568411488302
16658,0.166353741989416
16722,0.13877690912894
16723,0.132982766963849
16724,0.128691667256501
16725,0.141272238180117
16726,0.158950631188441
16727,0.147576303888124
16728,0.124233843869136
16729,0.113714157950041
16730,0.097662980860669
16732,0.12179845845393
16733,0.125596621774199
16734,0.110832817729347
16735,0.096424302986769
16736,0.083887999288355
16737,0.112743581837613
16738,0.130607017115805
16739,0.15805835820175
16740,0.149720539238827
16741,0.104133742807572
16742,0.106496098828464
16743,0.129111078505224
16744,0.133698713280692
16745,0.132211746894254
16746,0.166821971085497
16811,0.131616394089396
16814,0.135931085087051
16815,0.142045418277752
16816,0.132098833062196
16817,0.121175751567256
16818,0.116794492495208
16819,0.117750092309492
16821,0.115835600817376
16822,0.103342303831959
16823,0.119840084105607
16824,0.090768290470122
16825,0.12020582197742
16828,0.200958135699438
16829,0.141609840141224
16830,0.126572944317993
16831,0.098447547761701
16832,0.108134806556396
16833,0.14039443057677
16834,0.177668022783805
16898,0.132405092829301
16899,0.132251499875968
16900,0.130453800166374
16901,0.132257441846514
16903,0.140998799780848
16904,0.13212031965445
16906,0.113648393290787
16907,0.115028845403977
16908,0.119805713780999
16909,0.119358930412842
16910,0.108427253194713
16911,0.101922332710428
16912,0.074540332530137
16913,0.066335597734442
16916,0.162626236323783
16917,0.153570618612964
16919,0.158930536915877
16920,0.132111733227144
16921,0.140107952647294
16986,0.134901071567673
16987,0.135407436131076
16988,0.12646578847184
16989,0.130591516991046
16991,0.143281800764774
16992,0.131279320643825
16993,0.118449296417438
16994,0.109508297167534
16995,0.114867455195174
16996,0.112101513553749
16997,0.116451362886828
16999,0.094495059637553
17000,0.063896923719835
17007,0.152376307211375
17008,0.169587821260957
17009,0.155479572497862
17074,0.137632798434289
17075,0.134391986095339
17076,0.124701120018252
17077,0.129604383163955
17079,0.133810699848104
17082,0.10546724261208
17083,0.108723986407985
17084,0.107714949231262
17085,0.11674164371057
17086,0.11711760958241
17087,0.095896841842712
17088,0.062114714891484
17162,0.140427819830327
17163,0.135520588668171
17164,0.128153404375546
17165,0.132539789153894
17166,0.138022771813283
17167,0.128786444540851
17168,0.13057835345624
17170,0.107728928974098
17171,0.085228465597553
17172,0.083903750647669
17173,0.090762426691853
17174,0.111761213210989
17175,0.112763709596489
17250,0.145550342475473
17251,0.140293209596349
17252,0.136491671105977
17253,0.137065540277675
17255,0.132834455992276
17256,0.118551816953265
17258,0.098065373997292
17259,0.06795786819184
17260,0.065854944309857
17261,0.074902790469732
17262,0.102725493423493
17263,0.104608596401959
17340,0.130662308262271
17341,0.133628754791888
17342,0.14036350795799
17343,0.135736266905365
17344,0.104505906374794
17345,0.115240671110055
17346,0.092461138423802
17347,0.079073094175412
17348,0.062251338168331
17350,0.092920099077207
17351,0.095938755907426
17428,0.126197197323613
17429,0.129529116717678
17430,0.133028694020569
17432,0.098766274514641
17433,0.097526539147885
17434,0.084152390139389
17439,0.086897863421497
17515,0.127425436854116
17516,0.125792498011952
17517,0.130325793050045
17519,0.142521672366449
17520,0.112864432760732
17521,0.084708194148319
17523,0.079858307805738
17604,0.133384772884485
17605,0.132175302552611
17607,0.148111307220497
17608,0.113373311655508
17609,0.08018103655678
17611,0.095042413434152
17690,0.132061416560338
17692,0.130143589903361
17693,0.132360319106663
17695,0.142767786025262
17696,0.116649683962462
17779,0.136539788716588
17780,0.130993248519337
17781,0.138507856440938
17783,0.137812889650587
17784,0.120143762675552
17871,0.143341455932545
17872,0.105772578402199
17957,0.149309063906507
17958,0.125842906348407
17959,0.139855406547258
17960,0.102585896378449
18044,0.135987205732717
18045,0.152568203914497
18052,0.100340367615105
18132,0.133078977627599
18133,0.147745138884653
18135,0.118096560178217
18136,0.090070895968454
18139,0.099084091611391
18140,0.102233677057056
18141,0.102981019534232
18220,0.133223271071347
18221,0.14771192028499
18222,0.133093875505236
18223,0.108153312028986
18227,0.095357973350742
18228,0.089853636638767
18229,0.103171008760514
18230,0.105626941919916
18308,0.133744785922907
18309,0.144558528080926
18310,0.112211199846765
18315,0.089364496844798
18316,0.091274602449105
18317,0.112852000362001
18318,0.126651850875375
18396,0.127018831110755
18397,0.125841788632547
18402,0.066309252596003
18403,0.085300632090546
18404,0.101891691976856
18406,0.113216614304495
18484,0.121972603509902
18485,0.114699255111588
18486,0.08527723019301
18487,0.073196489105529
18488,0.094319618134042
18490,0.075411762460387
18491,0.08227702240221
18492,0.108237148450297
18493,0.102440653307256
18494,0.11140117207773
18573,0.107003835785331
18578,0.090145290399542
18579,0.099696606058966
18581,0.103660387086421
18582,0.115113866320358
18583,0.10978528398564
18659,0.107488200099261
18661,0.1081804382838
18662,0.100644476727208
18663,0.078903888505471
18666,0.086171793004821
18667,0.104819511871569
18669,0.103060320927954
18670,0.107853856230201
18671,0.090988774995574
18672,0.156996922737161
18747,0.109788296704968
18748,0.114465878271695
18749,0.10001578492936
18751,0.092196655775371
18754,0.117503864336605
18755,0.108384688977491
18756,0.105231666782864
18757,0.099142745152608
18758,0.119263592291593
18759,0.115130524004786
18760,0.201889220662046
18838,0.134123894593809
18842,0.114114996446066
18843,0.109223548877091
18844,0.102697208037843
18845,0.096666246329334
18846,0.117223507193618
18847,0.116082973121298
18848,0.21334947638302
18925,0.116127906256749
18926,0.121524832112045
18930,0.100995617701484
18931,0.104026315417214
18932,0.099091802559976
18933,0.098323973919092
18934,0.107422560895149
18935,0.151586731108045
18936,0.218045563111346
19013,0.109745197290601
19018,0.092763427402355
19019,0.102033719789883
19020,0.093688789004158
19021,0.083797899359637
19022,0.083237184011493
19024,0.213153467408501
19100,0.135675008290123
19101,0.095239759063449
19102,0.104611601957605
19104,0.096438385310616
19105,0.072909293020734
19106,0.095956352677985
19107,0.097327919522962
19108,0.090287056158889
19109,0.084686920854979
19112,0.201188468355906
19188,0.116086103699424
19190,0.110798144097294
19191,0.13380702838979
19192,0.08823000830746
19193,0.092625688492082
19194,0.086752568971951
19195,0.098864952979748
19196,0.091819461862089
19197,0.099493016436789
19198,0.127009292375336
19199,0.173542990895712
19278,0.135743219405413
19279,0.164906280903006
19280,0.086587404744217
19281,0.096544536949676
19282,0.0857680572322
19283,0.104156722929402
19284,0.101652621828541
19285,0.098275397723843
19286,0.112755626203401
19287,0.152779647560403
19365,0.121038112758605
19367,0.188171461178375
19368,0.124442596989776
19369,0.108299798247489
19370,0.105392659560215
19371,0.103869868396235
19372,0.109976299401564
19373,0.091344194235028
19374,0.090700956246208
19375,0.141177058776385
19376,0.192797845042869
19451,0.087344397806124
19454,0.143488603436257
19455,0.194299265480608
19457,0.108154489435563
19458,0.107865943719656
19459,0.097877716799536
19460,0.129315070645965
19461,0.082387855815247
19462,0.106282113412441
19464,0.18965557980718
19543,0.188578782801925
19544,0.116957812815678
19545,0.124000368558842
19546,0.115223552958061
19547,0.096992793850041
19548,0.123107171210765
19549,0.091788950621492
19550,0.116182886918072
19551,0.098206653359085
19552,0.165919809108318
19627,0.109150272326408
19629,0.105592623714758
19632,0.100692779201234
19633,0.125776581512379
19635,0.103000142957923
19636,0.102519566377279
19637,0.107356774981286
19638,0.133168123098982
19639,0.118229444654397
19640,0.142508823969383
19715,0.118632488352947
19717,0.115930434562697
19718,0.120230951662029
19720,0.107825353933064
19721,0.136341863227161
19723,0.122048406145913
19724,0.108060801482719
19725,0.103847773668687
19726,0.137332782010484
19727,0.128708852076308
19803,0.120055767068686
19804,0.121109736619495
19805,0.112311406507472
19808,0.148456835302086
19811,0.143092403095985
19812,0.109183164401782
19814,0.142776811101254
19816,0.118975485663994
19892,0.119265462125745
19893,0.131851038266076
19894,0.119247715169262
19897,0.182996943593025
19898,0.16588903268571
19899,0.1589514006209
19901,0.126332860395842
19902,0.140705721316361
19903,0.159283416146935
19981,0.153255901507233
19982,0.12712045113964
19985,0.183747979142695
19986,0.151831617486502
19987,0.142082164895313
19991,0.149012161080133
20069,0.151991798350018
20070,0.14806623856945
20071,0.169635317419186
20072,0.185476283752636
20073,0.173953258240026
20074,0.142894250194519
20075,0.138727801459387
20076,0.088651327272737
20158,0.14626874997123
20159,0.179111803520071
20160,0.167822809146327
20161,0.155395260096089
20162,0.158155720742527
20163,0.141461597863308
20164,0.11521705819419
23306,0.140316209317785
23308,0.144827557618541
23393,0.143134338704269
23394,0.161971648893327
23395,0.163518890215099
23396,0.156549004285703
23397,0.145877146092821
23400,0.13881811767581
23482,0.1692164764424
23483,0.172602513204675
23484,0.169153785575991
23485,0.161689247381835
23487,0.146402438902412
23488,0.147940680384636
23489,0.149862488777923
23570,0.179753876853088
23571,0.177436492505891
23572,0.176063647442184
23573,0.162987151822029
23574,0.150022768038364
23575,0.161444383280829
23576,0.182159873273917
23577,0.160382274353553
23659,0.160240386137849
23660,0.157699932448129
23661,0.148592724100403
23663,0.153302620728261
23664,0.149249544525642
23665,0.148262820077743
23666,0.154606205113085
23746,0.144532750460727
23747,0.137668118588934
23748,0.141265888812514
23749,0.145473553252614
23750,0.147549558153822
23751,0.150197429043695
23752,0.151794547796721
23753,0.158508136468239
23754,0.156271186403253
23755,0.162173762394131
23836,0.136628994828628
23838,0.144688955454294
23839,0.14720107876688
23840,0.153693701055917
23841,0.163127080591257
23842,0.159761312825621
23843,0.18096550729526
23925,0.135606925534315
23927,0.143531821883661
23928,0.160403409612037
23929,0.162698887226995
23930,0.171043934038848
23931,0.180637966348859
24014,0.136500983340703
